Source,Target,Link
rinakorsan,KusanagiMizuho,1
athelldra,KusanagiMizuho,1
YONA_loveme,KusanagiMizuho,1
yuki_nmcc,KusanagiMizuho,1
charyamaya,KusanagiMizuho,1
PJG5wU8W2bgoGhl,KusanagiMizuho,1
nelly32218606,KusanagiMizuho,1
AlexaLiz15,KusanagiMizuho,1
j1C3lpqjxjcZAIK,KusanagiMizuho,1
Darkdepth2000,KusanagiMizuho,1
shiyonini,KusanagiMizuho,1
rxk518,KusanagiMizuho,1
Sounyhime82,KusanagiMizuho,1
bunkoku619,KusanagiMizuho,1
junichisonic,KusanagiMizuho,1
ezf326u7Cu37bWb,KusanagiMizuho,1
centyona,KusanagiMizuho,1
716nanairo,KusanagiMizuho,1
cdXJ1RGNT735IHx,KusanagiMizuho,1
yuki_nmcc,KusanagiMizuho,1
tenjikuaoi1113,KusanagiMizuho,1
noriko_0807,KusanagiMizuho,1
18x8Y5JP3F8O8VK,KusanagiMizuho,1
___nkz3,KusanagiMizuho,1
lemonjuice_5,KusanagiMizuho,1
mio_1914,KusanagiMizuho,1
BI0nyfg7BTVDWSB,KusanagiMizuho,1
X3jiQKm8zf3iHcw,KusanagiMizuho,1
OzsnlXrsY2danX2,KusanagiMizuho,1
gamatittle,KusanagiMizuho,1
hzaelnut,KusanagiMizuho,1
wHmMVSBrf0l8R4I,KusanagiMizuho,1
Gabbiecst,KusanagiMizuho,1
naaamakemono,KusanagiMizuho,1
hosora___,KusanagiMizuho,1
marutoume,KusanagiMizuho,1
20aoiumi,KusanagiMizuho,1
yukanbou092330,KusanagiMizuho,1
lemongingerale1,KusanagiMizuho,1
shinri_1015,KusanagiMizuho,1
