rank,username
1,faully33
2,smh
3,Linny57284055
4,abcnews
5,KierantheKoala
6,AlboMP
7,dailytelegraph
8,Rawsa7
9,crudeoilpeak
10,7NewsSydney
11,NobcaA
12,TurnbullMalcolm
13,TonyAbbottMHR
14,GladysB
15,NoBCA2
16,araluenvalley
17,ebryden4
18,9NewsSyd
19,billshortenmp
20,NewtonMark
21,FinancialReview
22,Brockleb
23,barryofarrell
24,dryadusingh
25,SkyNewsAust
26,SydneyAirport
27,ZenmanSmith
28,JoeHockey
29,SandraEckersley
30,YouTube
31,prestontowers
32,bambul
33,abcsydney
34,lynlinking
35,PaulFletcherMP
36,PlaneTalking
37,MicheleS_Aus
38,Nyx2701
39,Mattonews
40,deadgoon2
41,theage
42,adventurensw
43,ScottMorrisonMP
44,australian
45,stilgherrian
46,JakeSaulwick
47,Erica_Betz
48,newscomauHQ
49,ChangeAus
50,ellinjaa
51,Jamie_Freed
52,fictillius
53,Ross_Coster
54,unionsnsw
55,ABCRural
56,Sandra_Sully
57,NSWLabor
58,markrlennon
59,Qantasairways
60,Neil1808
61,Maxwell1938
62,stemplemanmp
63,stuartayresmp
64,GregRudd1
65,RealMarkLatham
66,JohnDunmoreLang
67,warrentrussmp
68,AustralianLabor
69,nobby15
70,flyWSA
71,OzAviation
72,hawawright360
73,PetefromHayNSW
74,jrobertsonmp
75,takvera
76,AndrewConstance
77,timmydownawell
78,theprojecttv
79,luda_reza
80,ABCmobile
81,LiberalAus
82,penrithcouncil
83,Paulkaz12
84,latikambourke
85,greekmcchic
86,Glenina57
87,Lpool_Council
88,UrbanSydneyAU
89,leerhiannon
90,1RogerWoodward
91,brisbanetimes
92,captbazz
93,bradatslice
94,bmgazette
95,alison_rixon
96,canberratimes
97,bencourtice
98,airportalliance
99,CB_Express
100,ShaunCarter70
101,CarrollRory
102,business_nsw
103,shamaroo
104,BorgerDavid
105,CFXavier1
106,PierreAGERON
107,BusinessDay
108,NewsJetstar
109,ChrisCanberra
110,SnarkyPlatypus
111,sclynch
112,jamesmassola
113,weezmgk
114,Qantas
115,GuardianAus
116,HaShForce101
117,10NewsFirstSyd
118,KathrynWicksSMH
119,NedMannoun
120,crikey_news
121,BriggsJamie
122,sammmw8
123,DocWSJames
124,702Sydney
125,randlight
126,CrMarkGreenhill
127,MikeCarlton01
128,ozrobotgirl
129,gscsydney
130,Farmer_Dave999
131,Liverpool_Champ
132,ShareThis
133,abc730
134,NewsTalk2UE
135,glengyron
136,Barnaby_Joyce
137,NSwbc
138,RBJRON
139,SUCHDevelopment
140,QandA
141,stufromoz
142,TheUrbDev
143,railpage
144,PhilipThalis
145,sunriseon7
146,9NewsAUS
147,nowestconnex
148,DDsD
149,OutandA
150,bobillingworth
151,CroweDM
152,willybach2011
153,JoshFrydenberg
154,up_possums
155,EVERALDATLARGE
156,CarleenFrost
157,CREAustralia
158,COXArchitecture
159,LiberalNSW
160,AOCrows
161,Misty__Bella
162,BurryJanie
163,LennaLeprena
164,judz52
165,pringlejoel
166,KKeneally
167,PhillipCoorey
168,Mark_Butler_MP
169,27Noddy
170,tony_chatham
171,SBC_TheChamber
172,WestConnexAG
173,eightiestragic
174,skybluedavidb
175,sspencer_63
176,WhistonChris
177,ausaviation
178,MehreenFaruqi
179,dailyfilosofee
180,GhostWhoVotes
181,FifthEstateAU
182,Elias_Jahshan
183,ANZStadium
184,SElizaP
185,1johnhampshire
186,TheSydneyBlog
187,wwpenrith
188,phil_ly1
189,Pattycam
190,phbarratt
191,LauraKParr
192,elonmusk
193,ARTHURSLEA
194,AriadneVromen
195,gabriellechan
196,RossMartin1960
197,ABCthedrum
198,pjmonline2000
199,Bugseye_
200,2SM1269
201,MacarthurAd
202,swewing
203,MathewHounsell
204,wendy_harmer
205,BreakfastNews
206,Trish4BlueMtns
207,JodiMcKayMP
208,RuncibleCat
209,PaulKeighery
210,SpillaneMj
211,AnhD79
212,TheBrownAndrew
213,bmucinc
214,RecoEco
215,Kieran_Gilbert
216,michaeldaleyMP
217,mckay_jodi
218,Kevin_Sheedy
219,wswanderersfc
220,mintomusings
221,mesterman
222,mirojurcevic
223,Kate3015
224,cricketladies
225,ABCNews24
226,workingdogprod
227,OzLabourStart
228,cokeefe9
229,TTFAus
230,CburyGreens
231,HazRobert
232,pepiwili
233,johnofsydney
234,GinoMandarino
235,albert3801
236,HeathJAston
237,ReconDaily
238,SabraLane
239,davispg
240,Wendy_Bacon
241,p_hannam
242,markgkenny
243,Committee4Syd
244,Domaincomau
245,mattgrahamfilms
246,johnsalmond
247,TheTodayShow
248,SMART_facility
249,Sgt_Patterson
250,jaimartinkovits
251,guardian
252,PeitaTweets
253,PennySharpemlc
254,DanielAndrewsMP
255,bencubby
256,PropertyCouncil
257,AusRAIL
258,Jo_Tovey
259,BevanShields
260,GreensNSW
261,hwapdlp
262,pleasedontatme
263,1938Max
264,BradHazzard
265,SContominas
266,Tim_Beshara
267,BecMcLellan
268,aus_business
269,AustralisTerry
270,gwscommunity
271,FrancesWilmore
272,jeloscek
273,warrickmclean
274,LindaMottram
275,ewaterford
276,Infrastructur3A
277,bill_cadd
278,MarkDiStef
279,tanya_plibersek
280,Y7News
281,Nataberchi
282,Greens
283,Raysimon1953
284,edwardatport
285,SharriMarkson
286,News_CIN
287,DarrenChesterMP
288,UDIANSW
289,AussieRIZZette
290,janecat60
291,FutbalAnarchy
292,DoctorKarl
293,SteveAustinABC
294,cityofsydney
295,SthWestVoice
296,witterandbisted
297,SimonBanksHB
298,Stevelongy1
299,DouglasNo10
300,Colvinius
301,GayeCameronNSW
302,StreetSmarts111
303,Dom_Perrottet
304,JohnBarilaroMP
305,william2480
306,Hankatfrogs
307,SIAupdates
308,nellybear2167
309,arfman
310,Graham75175326
311,sarah_daffy
312,DeloitteNewsAU
313,J_A_M_E_S__F
314,sara_stace
315,1petermartin
316,AirservicesNews
317,sandylanceley
318,Gosford2020
319,FionaLakeAus
320,Diond408
321,savesydco
322,AlanTudgeMP
323,beardfear
324,JimCaseyGreens
325,DickSmithFairGo
326,WestSydCity
327,EKupdates
328,StephenMDowse
329,paul13367521
330,stevethompson49
331,ursulaheger
332,lachlan_kennedy
333,PhilipGraus
334,GermanChamberOz
335,2DayFM
336,2UE_954
337,MSMWatchdog2013
338,samanthamaiden
339,vanbadham
340,Shahana_Mck
341,JohnLawsShow2SM
342,razdhorse
343,PaulGambles2
344,RouleReport
345,EngAustralia
346,Mills_Daniel
347,PeakedinS
348,ash_gillon
349,ZHA_News
350,EddyJokovich
351,blacktowncc
352,bkohary
353,Sophia_Phan
354,AWUnion
355,IBTimesNews
356,SBSNews
357,rosssolly
358,suemazzy1
359,beyondzeronews
360,JabbaTheHouse
361,NSW_ETU
362,paulwiggins
363,28481k
364,ERN_Malleyscrub
365,skinnergj
366,theamwu
367,WSROC_Australia
368,roberthartleyf1
369,bestNSW
370,FederalBudget
371,JoshuaWood87
372,audiocomedian
373,JmarrMarr
374,NSWNationals
375,rollo75
376,rokkin__robin
377,FakeOscarMunoz
378,ChrisReason7
379,muzslyagirl
380,DavidBradburyMP
381,msclaire76
382,virgotweet
383,PMOnAir
384,hannahfrankold
385,hamishneal
386,UtilityMag
387,BRezoning
388,BIAUS
389,greensinspa
390,camoreland
391,VikingCapitalGr
392,Peter_Fitz
393,VioletLazarevic
394,theboltreport
395,gkspokes
396,geoffrey_payne
397,geoffkim
398,robbie_buck
399,garrett_geoff
400,Marchant9876
401,BernardSalt
402,BarbaraCSmith
403,MGliksmanMDPhD
404,LyndsayFarlow
405,BloombergAU
406,jeffsull2
407,LouiseCHall
408,GetUp
409,ABC
410,TripleMSydney
411,BevForte
412,TroyBramston
413,theheraldsun
414,tell_liverpool
415,NepeanNews
416,NeilMcMahon
417,JohnWren1950
418,ilhamhd59
419,iggydamiani
420,amworldtodaypm
421,Lyn_Col
422,WestSydConnect
423,fi_pep
424,barryrutherford
425,asbunsw
426,cinderella_oz
427,MatthewBevan
428,cushwakeaust
429,MailOnline
430,darylgibson
431,Amul82
432,AmandaTatts
433,transportseries
434,10NewsFirst
435,WollAdvertiser
436,AllThingSpatial
437,MaxeneSeem
438,LaTrioli
439,cruisingheights
440,adelehanna
441,colinjevons
442,cometbjm
443,tw1tteringclass
444,AnnaPattySMH
445,dkaarma
446,AnneWerriwa
447,Mattb636
448,brenthoare
449,AdamSpenceAU
450,erkojerk
451,Tony_Burke
452,alpsa
453,AusBT
454,TeamPAPii
455,allofaustralia
456,cbreAustralia
457,virginsnowbunny
458,_LisaMCox
459,peterjhinton
460,emailit
461,donnamulhearn
462,Politics_SMHAGE
463,AntiAeroGAAM
464,dlscr
465,tauerbach
466,BlueMtnsGreens
467,jessicaridleytv
468,marilyn_riedy
469,VoteSustainable
470,maxphillips
471,PVCUnions
472,giveadam_
473,the_naturalists
474,KrystynaPollard
475,Mornings9AU
476,AussiePeteC
477,GrogsGamut
478,SusTransOptions
479,CmunityActAllce
480,MattWadeSMH
481,CloverMoore
482,lukemproperty
483,dobes
484,politicsabc
485,PaulKadak
486,aopaaustralia
487,tilly64
488,CumberlandNSW
489,MichaelSin_
490,samesam02
491,mrcjenx
492,OzEquitist
493,smh_news
494,ABCaustralia
495,morgan_gary
496,liamvhogan
497,DaleDrinkwater
498,moorhsumcigam
499,mnxmoosi
500,missleetulloch
501,miracleboi
502,ConversationEDU
503,NSWAmbulance
504,DGPetrie
505,ecogeog
506,L_DeWeaver
507,DAngeloFisher
508,LamTran11
509,AHaermeyer
510,ACurrentAffair9
511,Tim_ber_wolf
512,BulletTrainAust
513,The_Chronicle
514,PhuketDailyNews
515,westernsydneyu
516,SimonBenson
517,Thenativecat
518,usefulDesign
519,Dura_Ace
520,LillSaleh
521,Butterfield6
522,TomWalsh2773
523,Bowenchris
524,TonyBoydAFR
525,johnnysockz
526,johnb78
527,QuentinDempster
528,wellbased
529,BlumtsCtyCncl
530,katie18O
531,MathiasCormann
532,leftboomer
533,m_mann1
534,leeRole
535,susan_bowes
536,VirginAustralia
537,BOM_NSW
538,meganlevy
539,anthony06108170
540,lTQQTl
541,CamdenAdvertisr
542,COMINT_AU
543,RussellMatheson
544,knarfnamduh
545,RNogarotto
546,kloussikian
547,TheOpalUser
548,kelliekelly23
549,keepsydney1
550,walabytrack
551,whelan60
552,wilfrog1968
553,jamesey_baby
554,sdelayang
555,gregwhitby
556,DavidJTwomey
557,vegemite_blues
558,abcAndrewG
559,ralphb06
560,wrongdorey
561,TenLateNews
562,skitterrusty
563,JonesHowdareyou
564,david_lunt
565,mirandadevine
566,indica2007
567,redrabbleroz
568,mscott
569,erinrileyau
570,DianneCostin
571,James_Jeffrey
572,themarkjacka
573,Bishop64
574,pm_live
575,planesRnotus
576,Independent
577,BohoLs
578,gregmiller68
579,AttardMon
580,mcannonbrookes
581,AnthonyTravelEd
582,parracity
583,MikeKellyMP
584,Kate_McClymont
585,MrSydneyFC
586,winstonclose
587,StevePriceMedia
588,ybmihk
589,zangers2010
590,mumdaze
591,annabelcrabb
592,PaulineHansonOz
593,newcastleherald
594,maguire_samuel
595,saveoursirius
596,tavnow
597,Jack_Hawks
598,bruce_haigh
599,DeanRoyGreen
600,CityNewcastle
601,kimbakit
602,CanberraAirport
603,LMBR_50
604,ClimateCentral
605,ashermoses
606,Rottoturbine
607,tuppaware
608,JollyRodger79
609,tacticalmaid
610,k_morrissey
611,Paul_Karp
612,R_Chirgwin
613,ashabeeeee
614,ApostrophePong
615,Elpinksto
616,AshMcGrath
617,dannews
618,traceywithhope
619,heidi_han
620,intaucom
621,inplacejobs
622,il_beavo
623,ibenosaj
624,ianwalker0
625,ianrfulton
626,iDGiam
627,hugh_mcdermott
628,horheii
629,hiroyasugita
630,hindmarshisking
631,hendyo
632,hashonomy_gus
633,italianseedsnz
634,gtwarrior47
635,grahamrobbo
636,gorgeousdunny1
637,glebbern
638,giddyupbill
639,gbx500
640,gaolteacher
641,ga_richardson
642,freight_gate
643,fredrski
644,flyinemu
645,fleurybanery
646,irascibleme
647,izzyandbuffy
648,tntmagazine
649,joxer
650,kshreyan
651,kjon1230
652,kirstytsmith
653,kezzaMalanga
654,kcome
655,kcIMT122
656,katska
657,karamirch
658,kamenriderforz1
659,k_r_n_o
660,judi_francis
661,judbell43
662,jonluk680
663,jacksonvernon
664,jon_hall79
665,johnnybridge2
666,johnbriffa
667,jmatkelly
668,jimrhiz
669,jessiicaturner
670,jessica_lonard
671,jeremythorpe
672,jennywiggins
673,jennacondie
674,jamesfo49463339
675,jacwillcox
676,fehowarth
677,familblanc
678,fairfieldtoday
679,bradfieldair
680,ccroucher9
681,cathbalmain
682,call_me_tomasso
683,cabinbag
684,bureaurocracy
685,bsadams25
686,broomstick33
687,brittanyruppert
688,brian_evans
689,bradleyp87
690,bradhooperarch
691,bradherbert
692,boston_capital
693,evelynedeleeuw
694,bohdia
695,bobdown445
696,bmpermie
697,blanketcrap
698,blakavantgarde
699,bernieneufeld
700,benpike00
701,bennbanasik
702,benatcalibre
703,bec7ford
704,battcomp
705,barratt1980
706,ceda_news
707,chrisdubrow
708,chrisjrn
709,christianharrup
710,eskimo2708
711,engelstad_b
712,emilyalaurence
713,elliemail
714,edward_krause
715,ebrissman
716,eathealthyfood3
717,eardleyc
718,drsunda
719,doyley_mary
720,domknight
721,dlaaust
722,djgreggles
723,dennisrose707
724,db23238
725,davidbewart
726,darrenheiberg
727,danutakozaki
728,damienjryan
729,daily_telecrap
730,ctownkoala
731,craigbettsy
732,couriermail
733,colincosier
734,clareblumer
735,ladywhitepeace1
736,larrykischko
737,lasty52
738,rumpskuttle
739,shelliemcevoy
740,shanebazzi
741,scootergirl2
742,sciling
743,satyadeepam
744,sarahgerathy
745,sammonford
746,sam66472178
747,salsburghcon
748,saitejachiluka
749,ryanjchr
750,ryanaubiee
751,rossgrove
752,popi6666
753,roseattorney
754,roooney83
755,rikkitweets
756,richardvgonda
757,rhonddaau
758,rdenyer
759,rationalbitch
760,qiweiatau
761,pwwingman
762,pruecar
763,profbeech
764,preciouspress
765,shellybeach20
766,sire_dad
767,skyfire747
768,skyvistaphoto
769,tip66
770,thebigman4you
771,theTiser
772,theMickMorris
773,the1spoonman
774,thatsflop
775,teresedau1
776,sydneyinformer
777,sydneyalliance
778,swillmedia
779,swag2571
780,sutcliffecarl
781,sushbhattarai
782,surround77
783,surgacentral
784,sues1952
785,stukhan
786,strange_brew55
787,stocksgroup1
788,stevie_pate
789,speake53
790,smurray38
791,smirhcharles
792,smartertenant
793,slsandpet
794,pravioli
795,political_alert
796,lcarroli
797,mattmorannews
798,mr_minogue
799,mostro900
800,mikerdot
801,mickyd44
802,michaelpachi
803,michaelfieldcom
804,micenet
805,mgjefferies
806,mgdewall
807,meteotonny
808,melissahills87
809,mcranston1
810,mathewww47
811,pitthen
812,markskelsey
813,mark38175
814,mansillo
815,madepercy
816,lydiadaye
817,ltlawyers
818,lridicol
819,lovesqueens
820,lollylegs71
821,livestraffic
822,liamphillips
823,lestergd
824,mrn487
825,mrtiedt
826,mukul2009
827,mwyres
828,piltzbp
829,pilotoauto
830,pia_planning
831,phil_chappell
832,peterly
833,peter_fryar
834,nualahafner
835,paulolim
836,paulie_fox
837,paulhamermp
838,paulguy6
839,parkesstreet
840,p2pMark
841,overpressure
842,osyanhedayat
843,nyunggai
844,npomalley
845,no_filter_Yamba
846,nikebum
847,nickswz
848,nickpmclaren
849,naomid_au
850,nanoview
851,myrddenbuckley
852,myknittingwool
853,penrithnewwest
854,IsaD88
855,AmberAW
856,DislerFrank
857,unionsaustralia
858,TWUAus
859,jihaddibmp
860,allisonBeDemure
861,AdamBandt
862,MarkPearsonMP
863,npansw
864,RichardDiNatale
865,RandaltsRandal
866,nswpolice
867,NSWYoungLabor
868,TrafficNSW
869,BushHeritageAus
870,sydney_sider
871,TourismAus
872,TourismNSW_
873,4corners
874,LJPatton
875,TWUNSW
876,freeradicalone
877,CASABriefing
878,SShireNews
879,Talaolp
880,banas51
881,SydAirportCorp
882,theweeklytv
883,gabrielleupton
884,bmchamber
885,naturensw
886,GreenpeaceAP
887,AnimalNsw2015
888,ABSAbirds
889,Bats_Rule
890,SuthShireCncl
891,CityofSalisbury
892,YoungLaborOz
893,SenatorCash
894,WeLoveBlueMount
895,destinationnsw
896,Opel
897,suzukioz
898,HyundaiAus
899,JaguarAUS
900,PeugeotAus
901,saabvehicles
902,Tesla
903,newscorpaus
904,PeterDutton_MP
905,ramblingsloa
906,BBCRadio1PR
907,MattEdmondson
908,BBCR1
909,BBCRadMac
910,bellytheband
911,BBC6Music
912,holden_aus
913,ScuderiaFerrari
914,LFC
915,F1
916,stevegeorganas
917,1395FIVEaa
918,abcadelaide
919,NSWHealth
920,FairfieldMayor
921,wdillycouncil
922,mycausecomau
923,Scottludlam
924,NoincineratorWS
925,BirdlifeOz
926,Ross_Greenwood
927,MoneyNewsShow
928,RachelPupazzoni
929,ForumSydney
930,MercedesAMGF1
931,WestSydHealth
932,bmcsnsw
933,rihanna
934,WillFryonic
935,madcatjo2point0
936,RDNS_TAI
937,TravellerAU
938,CMCMFIN
939,moreymark
940,therealbrazen
941,ninemsn
942,robcorr
943,1SecondEveryday
944,benraue
945,catscram
946,HSRNotPlanes
947,MayorDeeth
948,Working4Penrith
949,William_Bourke
950,NSWHealthInfra
951,alfinitum
952,MikeDJeremy
953,MichaelTiyce
954,Vickstar14
955,Joe_Hildebrand
956,Albo
957,StrikeClimate
958,gooberjamesh22
959,Master_Synaps
960,Bryan_Field15
961,scoopit
962,PSyvret
963,future_airport
964,fabricea
965,PetraAu
966,Romanet
967,zuber_marc
968,Easy_Branches
969,Network_Easy
970,Birmo
971,AEUfederal
972,visitbluemntns
973,josh10murphy
974,commpro2sell
975,HkarterKarter
976,richjamesuk
977,DrBenjaminJones
978,bamboozled3
979,Kevinor4711
980,TenNewsSydney
981,fransi1803
982,bigjsl
983,Wil_Anderson
984,CostasGarden
985,CompostWeek_AU
986,ABCTV
987,SaveOurSkiesSC
988,scottdools
989,AstrolabePark
990,Medicayy
991,SoniaKruger
992,theblock9
993,albericie
994,knottedpaths
995,LividCephTaint
996,kcarruthers
997,joshgnosis
998,Bechtel
999,LendleaseGroup
1000,CPBContractors
1001,danparsons80
1002,karen_mckeown
1003,JohnsandWaygood
1004,JohnBerryPMG
1005,inkl
1006,GrillTeam
1007,InsideRetailau
1008,ljayes
1009,katyperry
1010,PUSHA_T
1011,politicaltragic
1012,badgerys
1013,McCallumsHillPS
1014,NSWEducation
1015,Minecraft
1016,supercatsimon
1017,EKnightOfficial
1018,CatherineKingMP
1019,M_McCormackMP
1020,SSFCRABBITOHS
1021,Senator_CFW
1022,InsidersABC
1023,barriecassidy
1024,NSW_LEAN
1025,citystirlingwa
1026,fitzhunter
1027,vanOnselenP
1028,jamesryangreens
1029,ShoreWalker
1030,CFMEU_CG_NSW
1031,RecAustralia
1032,joshzepps
1033,numpty8012
1034,kezincanberra
1035,kypros1992
1036,naffa
1037,JoshBrookes
1038,rohan_p
1039,2GB873
1040,tonybmorton
1041,JaneCaro
1042,CJPomfret
1043,Sue0606
1044,msccummins
1045,SGM63
1046,Telegraph
1047,chris___knapp
1048,slimdundas
1049,Billablog
1050,PsychicHygiene
1051,leighsales
1052,alexhart7
1053,telester
1054,NinaBStevens
1055,Sacre88
1056,ChloeAmandaB
1057,GeoffField
1058,MdmAbsentMinded
1059,cathywilcox1
1060,TonyHWindsor
1061,Cyclify
1062,ASPI_org
1063,Matt_KeanMP
1064,philipruddockmp
1065,frednile
1066,julescalixto
1067,_jacobshields
1068,samanthabrett
1069,PeterFegan7
1070,CSIRO
1071,DaltsWorld
1072,GovtIr
1073,YouthActionNSW
1074,adampeacock3
1075,CopernicusEU
1076,GeoscienceAus
1077,Radio2UE
1078,northropgrumman
1079,KateCreedon9
1080,LizzyBryan1
1081,sophie_walsh9
1082,lizziepearl
1083,eddy_meyer
1084,Gabrielle_Boyle
1085,LindaBurneyMP
1086,MarkWBurrows
1087,soupdragon90
1088,maggersz
1089,Channel9
1090,ChiliPeppers
1091,sam_armytage
1092,Twitter
1093,Facebook
1094,gangofyouths
1095,Briggs
1096,ABOriginalBAM
1097,GoldenEraOnline
1098,thethinkergirls
1099,lithgowmercury
1100,AlanJones
1101,FRNSW
1102,facsnsw
1103,hadchiti
1104,Wests_Tigers
1105,bloo_flash
1106,AvidCommentator
1107,TarongaZooPR
1108,tarongazoo
1109,TwilightTaronga
1110,frontiertouring
1111,CapitalOfficial
1112,HeartLondon
1113,morningshowon7
1114,DailyEditionOn7
1115,Channel7
1116,AustralianArmy
1117,Australian_Navy
1118,aus_airforce
1119,CockatooIsland
1120,JetstarAirways
1121,the_OAF
1122,triplej
1123,MichaelGudinski
1124,LunaticEnt
1125,MushroomGroup
1126,Brooklyn_Ross
1127,mrseansammon
1128,econews
1129,RebeccaThiso
1130,Brayster_
1131,bevanshields85
1132,mjberryman
1133,MichelleBlicavs
1134,OneNationAus
1135,Fatboys41090527
1136,robvad10
1137,speedbird020
1138,LibtardBanshee
1139,Schtang
1140,LucyTurnbull_AO
1141,DrHCaldicott
1142,rawsa
1143,LucyTurnbullGSC
1144,JustJen64
1145,jessicacadams
1146,kary_cee
1147,TNT_DownUnder
1148,mrgrumpystephen
1149,SusieBDiet
1150,KezzerOz
1151,stuartrobertmp
1152,FlightGlobal
1153,warrenmundine
1154,workmanalice
1155,Ha12464869James
1156,lenoretaylor
1157,TiffannyJunee
1158,gizmag
1159,realDonaldTrump
1160,thepmo
1161,luke_nguyen
1162,Breaking13rad
1163,SmartState1
1164,henriettacook
1165,GeoffRobertsGSC
1166,westparkcity
1167,infra_regional
1168,mjog
1169,joybelle46
1170,recneps51
1171,freshwater8
1172,Vikkik88
1173,AndrewJaspan
1174,AnAltView
1175,SirThomasWynne
1176,johnwynneboy
1177,mearesy
1178,MinhKular
1179,mischcar
1180,occupySYDNEY
1181,frankscan65
1182,belungerer
1183,fran_b__
1184,GreenBS
1185,nocsg
1186,cruicerod
1187,m_mobbs
1188,MakeTheNxtStep
1189,NSWFarmers
1190,Warraboy
1191,GeorgieSomerset
1192,samheagney
1193,Cotton_Wife
1194,tonymahar
1195,smacokay
1196,CottonAustralia
1197,slpng_giants_oz
1198,cheryl_kernot
1199,qclnews
1200,MaitlandMercury
1201,PawleyRobert
1202,ProfPCDoherty
1203,TankStreamOrgAu
1204,TroyWaddell
1205,IKAink
1206,agintegrity
1207,HittingAlice
1208,ThiruNagan
1209,ActOnClimate
1210,69ACES
1211,JusticeReinvest
1212,andrew_thaler
1213,RTNAustralia
1214,1Hendorable1
1215,JAW1960
1216,ChristineMilne
1217,casey1939
1218,unanoble
1219,btckr
1220,PedanticLamb
1221,anusha_srini
1222,daveyk317
1223,lindaseaborn
1224,sallie6youtube
1225,Leel06Lee
1226,rockyhell2422
1227,MrMack2000
1228,NoM4East
1229,pallisier
1230,SiobhanPSA
1231,psansw
1232,dickybeacholdie
1233,YESTERDAYSGUY
1234,yarra_campaign
1235,peter_b1953
1236,Hill60
1237,mavsmum
1238,ShaughanA
1239,JohnEClements
1240,e2mq173
1241,Manic_Henry
1242,GreensJamieP
1243,AgForceQLD
1244,lutajobe
1245,CEO_WCAA
1246,chaosboi
1247,kingdidge
1248,smallestroom
1249,michaelneale
1250,TheAFCCL
1251,grhutchens
1252,jewelsparkle3
1253,shaun_prince
1254,RomolaHollywood
1255,MurrayWatt
1256,GayeCrispin
1257,mick_minion
1258,YaThinkN
1259,GeerinMark
1260,DougCameron51
1261,colinelvy11
1262,jurylady5
1263,LetSleepingDogz
1264,wallyscr
1265,AdamMobbs
1266,SydneyNews
1267,Alljohn
1268,sloughly
1269,denniallen
1270,PaulBongiorno
1271,PwC_AU
1272,LizAyrz
1273,geeksrulz
1274,pceebee23
1275,PowellTateAus
1276,tolentz_
1277,Greenat16
1278,BBCWorld
1279,SBS
1280,PeterOverton
1281,natalie_barr
1282,OBallmark2
1283,billy_pinker
1284,Oscarthefarmer
1285,iamsuey
1286,JoanBloggs
1287,AnodyneParadigm
1288,snowyhydro
1289,AnnieKia
1290,annbritton
1291,sedvitae
1292,hasselljpb
1293,AnimalsAus
1294,CDpay73
1295,mackaysuzie
1296,Phil_B7
1297,canthavepudding
1298,TomCBallard
1299,pauldutton1968
1300,Jeremy_Morton_
1301,b3108
1302,WhistlingWhist
1303,TerryBrady2097
1304,TomSesselmann
1305,BCAcomau
1306,ElaineEDO
1307,JoYohana
1308,rsl1957
1309,Ben_Domensino
1310,nswdpi
1311,NationalFarmers
1312,stanleywaite1
1313,Meg_Parkinson
1314,afsnsw
1315,kylesmcbride
1316,VivianAshworth_
1317,Phoebe2302
1318,The_Nationals
1319,ianbfarquhar
1320,BernardKeane
1321,ewanports
1322,jarrydhayne_1
1323,49ers
1324,FOIcentric
1325,KianaRoskell
1326,tveedercom
1327,juliecorb
1328,fedupofpollys
1329,forthleft
1330,VictimsofDSTO
1331,OZloop
1332,indigoid
1333,deemadigan
1334,fujixeroxaus
1335,vaporware
1336,7NewsBrisbane
1337,sydney
1338,TransGrid
1339,AlexBryant1
1340,maevemarsden
1341,cdrix_18
1342,EJGriffiths
1343,973ABCIllawarra
1344,p_harbison
1345,the_chronicle_
1346,weatherzone
1347,Boanz8081970
1348,Left_in_Limbo
1349,MarekRivers
1350,baltoria
1351,PlayContra
1352,JudkinsSimon
1353,WhteRbbnAdvocat
1354,GregHuntMP
1355,TimWattsMP
1356,BoultR
1357,ChrisJacksonAU
1358,borean_r
1359,paul_fletcher
1360,RosieWaterland
1361,Warne888
1362,amootepointe
1363,SCalliss
1364,NormyZee
1365,AAMIPark
1366,Huw_Merlin
1367,aconvict
1368,georgefwoods
1369,PhillipAdams_1
1370,dbell2100
1371,simonahac
1372,richardbranson
1373,Gus10Gould
1374,wego
1375,sunherald
1376,percapita
1377,joeobrien24
1378,WSLDialogue
1379,NSWDPIE
1380,nicholasclark82
1381,SalimPickens
1382,Colgo
1383,FarrellPF
1384,dannolan
1385,campbelltownnsw
1386,merrett12
1387,GrumpyOLSoldier
1388,GgNewsAU
1389,PLANE_talking
1390,chrisrauchle
1391,SuperCroup
1392,AngusTaylorMP
1393,ZedSeselja
1394,TonyAbbot_PM
1395,Redneckninja
1396,NSWChapterPres
1397,AILA_National
1398,deniseshrivell
1399,wordpressdotcom
1400,Valentine702
1401,abc702
1402,Drivecomau
1403,CrabbTwitsard
1404,IndigenousXLtd
1405,simongerman600
1406,UrbanMelbourne
1407,LordMayorMelb
1408,CodyPhelan
1409,WheelsAustralia
1410,APadeau
1411,reclaimthepower
1412,mirandamwood
1413,clarissa_bye
1414,byalisoncheung
1415,AnnabelHennessy
1416,airport
1417,pwhatch
1418,NickDM
1419,mpbowers
1420,RNBreakfast
1421,67allets
1422,GeoffLeeMP
1423,sosblakaust
1424,IndigenousAU
1425,truthout
1426,BridgetOFlynn
1427,JoshMeadows3
1428,HawkGazetteNews
1429,NatGeo
1430,karenmcnamaramp
1431,TheDrum
1432,ClrLindaScott
1433,LGNSW
1434,abcopen
1435,businsiderau
1436,jrobertsonmph
1437,AlexHawkeMP
1438,AlexSmithSMH
1439,GregJennett
1440,MarisePayne
1441,CBREResearch
1442,rosspeakeCT
1443,Aenveigh
1444,TimRRead
1445,mfcbulls
1446,FedEx
1447,P4217
1448,JuliaGillard
1449,tom_cowie
1450,verbaliza
1451,oz_f
1452,HepworthAnnabel
1453,DamonKitney
1454,pgcleary
1455,mektronik
1456,PrDemography
1457,nataliejpeters
1458,ptua
1459,Tashtania
1460,chrisroytaylor
1461,JordsBaker
1462,robstokes
1463,Create_NSW
1464,nkilvert
1465,DrAndyMarks
1466,PeterGreste
1467,parnellpalme
1468,dai_le
1469,BenQuilty
1470,louiseyaxley
1471,KimArlington
1472,1RossGittins
1473,janeenorman
1474,DanConifer
1475,VanessaOHanlon
1476,balladblindtom
1477,channelTen
1478,YugNivek
1479,KAZ001307
1480,MeganGorrey
1481,Ron_CrossPT
1482,BrendanChristie
1483,WalterDixon2
1484,Melissajones303
1485,BoycottHegemony
1486,FayeLongmuir
1487,RobinLosson
1488,RobMax4
1489,Roaming1
1490,FidaSyahadah
1491,Boeufblogginon
1492,FierceDinosaur
1493,Roads_Online
1494,WenleiMa
1495,BobLee5
1496,BoHenley
1497,JoshDaCat
1498,BluegumPilliga
1499,Sohrab__N
1500,WSCommunityF
1501,Taco_Lad
1502,KArmstrong06
1503,MattDoran91
1504,MattScollay
1505,CMMortlock
1506,CJ_1316
1507,FJKeany
1508,Valen_of_Minbar
1509,CGLA_Infra
1510,CEOMagazineEMEA
1511,MatthewBenns
1512,RossDuckham
1513,CAPA_Aviation
1514,FPsych
1515,VisitVineyards
1516,KIIS1065
1517,MazoeFord
1518,McKellInstitute
1519,TerryBarnes5
1520,BuiltTechLaw
1521,BuildSydneyAU
1522,TawarRazaghi
1523,BlueEnergyAus
1524,BlueBull50
1525,BloodyK8
1526,XBCgoldcoast
1527,BecFalconer
1528,JohnKerin2
1529,MisterBushPig
1530,SpeedBird_NCL
1531,ForegroundNews
1532,SpudBenBean
1533,FrancisYoung2
1534,_AdamTodd
1535,_JustinStevens_
1536,BagalueSunab
1537,Ramsin_T
1538,St_Gillard
1539,BROLAIR
1540,MoserMaCH
1541,_Mitchyy_
1542,BESydney
1543,JimYarin
1544,_Reality_Check_
1545,RhinoTroy
1546,Beebirgit
1547,JohnStensholt
1548,BigLapLandcare
1549,WhenImPM
1550,BlacktownNews
1551,JonJohnson_1
1552,BillSparow1
1553,WillordCapulong
1554,MichaelPascoe01
1555,John_Hanna
1556,SpazianiG
1557,Bibittybobitty
1558,Been070
1559,BgiBruce
1560,BettPlanNetwork
1561,TaodeHaas
1562,MillieNixon6
1563,BenRoss_AKL
1564,BenFordhamLive
1565,FlavourCrusader
1566,Belinda07749345
1567,CampbellNewman
1568,Smartsheila
1569,KJBar
1570,DBreban
1571,DavinaSmith9
1572,ScotiaOctavia
1573,DavidRDHeath
1574,DavidKnightNSW
1575,Khaledatc1
1576,ScotMacDonald1
1577,DarrenMcErlain
1578,DarrenDavis10
1579,DanicaSajn
1580,DanaScully2
1581,EleniumAuto
1582,TraveltalkMag
1583,Elias_Hallaj
1584,LouiseBrannelly
1585,ElishaPearce
1586,ElizaBorrello
1587,DMeowB
1588,DJPizarro
1589,DJB_LA
1590,LifehackerAU
1591,LifeFunLondon
1592,EcoNewsDaily
1593,Doc_Mac19
1594,Tim_Gavan
1595,Thefinnigans
1596,Tim_jbo
1597,TimesSteve
1598,DrRimmer
1599,DrCarolineWrig1
1600,LauraMPlanner
1601,DonSMau
1602,ShirleyPeters
1603,Leroy_Lynch
1604,EXPAT_NEWS_Com
1605,The_Appraiser
1606,Dirani_A_
1607,LegacyImage
1608,TheSooots
1609,DigitalFarm_TV
1610,KrankyKerry
1611,Sebxam
1612,DHoriszny
1613,TrueBelieversAu
1614,CarolynFrawley1
1615,EllisDarryl
1616,MarcALambert
1617,Clr_SimonE
1618,ClintMaynard2GB
1619,TheFlyingZebra4
1620,ClayLucas
1621,Eschertology
1622,Maribeaut
1623,MarkAClarkson
1624,ChristineEwing7
1625,SJL181
1626,ChrisEgginton
1627,UnrealAshraffy
1628,ChrisCaggs
1629,Marksweather1
1630,KaspRaffe
1631,MarshBrentnall
1632,CharlesDavidM11
1633,KakLinds
1634,UrbiumEtOrbi
1635,Mar11b
1636,Mangohippy
1637,ManfromMosman
1638,Saints_Dragons
1639,EllyfromOZ
1640,CybrarianPete
1641,SamHenry08
1642,Emely108
1643,KeeptheBshonest
1644,MADGEAustralia
1645,MJIBrown
1646,MKarstunen
1647,Tweetn2You
1648,UCPlanners
1649,Creativefishi
1650,Craig_Tidemann
1651,Enana_swaqqe
1652,Sadhbhzilla
1653,MaddieCookComms
1654,ConsultAusNSW
1655,SkepticSA
1656,UBtalkin
1657,Tadlette
1658,ThumpersAunt
1659,_TaraHarrison_
1660,PAIN_NET1
1661,Harnsle
1662,AirlineSector
1663,ItsStillMefa
1664,HawesandSwan
1665,AerotropolisG
1666,AeroParkerNews
1667,SydneyNewsdaily
1668,HeathGilmore
1669,andyandyelton
1670,JGjerdrum
1671,HeidiGmuer
1672,Invasion809
1673,PM_Now
1674,AbraxasVideo
1675,A_J_Brewster
1676,anncherie49
1677,SydneyInvestor
1678,annetarasov
1679,JErhart
1680,OldCroaky
1681,AndrewHeslop
1682,AlesPolcar
1683,AmandaFoxonHill
1684,aliceleung
1685,NicolaLamb3
1686,JamelleWellsABC
1687,JakeMcCallum_
1688,Alice_Higgins
1689,Jacqui_Wales
1690,AlexMHarrington
1691,Alec_Smart
1692,HamesSharley
1693,Guerilla_Kmac
1694,AklDesignChamp
1695,MrFiveCents
1696,amyangel
1697,Stormchaser182
1698,OdysseyEngineer
1699,JOorloff
1700,andreweballard
1701,Henry_Belot
1702,antonrosetweet
1703,apaulrove
1704,33andme
1705,Phuong_LeAD
1706,Suzie_Wright
1707,PenrithValleyCC
1708,PereeW
1709,50Choungi
1710,HoranAnthony
1711,4Cite
1712,Philby34
1713,2talk2will
1714,apgf2009
1715,Phantomweeder
1716,IamDreamscape
1717,HughGnu
1718,PetraMasekArt
1719,Susi_Hamilton
1720,PetersjohnsonS
1721,autoday
1722,azizikhan
1723,HooncheeW
1724,PiesJosh
1725,PinarooRay
1726,PinotPost
1727,Plinyone
1728,apicot
1729,aportbuzz
1730,aptronym
1731,ATECtoday
1732,aromrad
1733,IngaLeonora
1734,Pandaras5
1735,Pannawonica
1736,AFRproperty
1737,arwilde92
1738,SydneyCityTV
1739,HillThalisAUP
1740,asiaflt
1741,Pat1066Patrick
1742,atrueblueaussie
1743,Informa_Oz
1744,JasonClareMP
1745,HJEsuom
1746,Askin_P
1747,RNDrive
1748,adamjohnrussell
1749,a_mcstravick
1750,PurAndTell
1751,GibboPK
1752,Mutuality_au
1753,StephenConry
1754,Jenko440
1755,Gleno_
1756,AswinSiNat
1757,adamlcarey
1758,GQRPL
1759,TVSydney
1760,GlobalGrapevine
1761,aeropolitics
1762,agnuspagnus
1763,adambeckurban
1764,GianniPC
1765,Globalpao
1766,Ghost87Dazza
1767,RDelahoyRistrom
1768,JillFBrown
1769,Mysta
1770,GayCarBoys
1771,Jessica_J_Alva
1772,JimBob51
1773,NJL1980
1774,accuratehenry
1775,GeogCam
1776,NMaconachie
1777,GShang
1778,Qldaah
1779,GeorgiaHitch
1780,NSWGR8022
1781,adam_masso
1782,NathanLee
1783,Gatorau
1784,GordyPls
1785,Avi_AeroAus
1786,Stockland
1787,AvaniDias
1788,ArthurMarsh2
1789,AntNom
1790,Av_Partners
1791,__N_a_v_i__
1792,AntiDeathParty
1793,AngusBucknell
1794,AntonyLawes
1795,NewAirportIns
1796,alan_john_moran
1797,alex_avero
1798,NeilJohnno
1799,aimee_maree
1800,MsFionaScott
1801,Jeff12292759
1802,SynrgyConstruct
1803,JeanmLopez
1804,ArnoMichelin
1805,GrahamDLovell
1806,LIBNATCHATPAGE
1807,LDTFerguson
1808,ILCommentario
1809,JohnBlackTweets
1810,JmdsCourse
1811,JoelleLandt
1812,KingfisherRec
1813,Impetros
1814,LMildwater
1815,LD_InfraConstr
1816,Jo_Wooden
1817,LA_Aviation
1818,IkonLifting
1819,I_News_N
1820,KevinWilde
1821,JobOfferInt
1822,IdiomOfOz
1823,JobsOver50K
1824,KnowYourWorldBr
1825,JoelMcMaster
1826,I_AM_HYCEPRINCE
1827,Ktsablonde
1828,KiwiLiveNews
1829,L1nd5ay_5
1830,ISearch_Au
1831,Kiplamaar
1832,IPWEA
1833,KingsLangley_RE
1834,KEVELAIR
1835,Jeprandi
1836,In2work1
1837,JVP73
1838,KathleneZwack
1839,KathaleenReha
1840,Kate_Hannon
1841,JeanetteBrokman
1842,Kale_Woods
1843,JosueMcroberts
1844,JPMasters
1845,KWWMedia
1846,JulieWilliams81
1847,JillyMN
1848,JazzFever
1849,Jacqi_Foster
1850,JacquAllen
1851,JadeNorth7
1852,JustJulieanne
1853,JamesScullin
1854,KJAcomms
1855,JasonMorrisonAU
1856,KathrynFantov
1857,IrishAero
1858,JeffMNeale
1859,InvinciblAstrix
1860,JohnBursill
1861,JesseMcNicoll
1862,Kenneth43959568
1863,JohnTweeter44
1864,InglisProperty
1865,InnerWestNews
1866,KeliHaverkamp
1867,JeremyGlavota
1868,JasmineQuilter
1869,KazRockchick
1870,InsJournal
1871,Int_TourismNews
1872,Jennhain
1873,KawaBhautik
1874,KauWahTan
1875,JonesMedowie
1876,KatyaPace
1877,babcock_john
1878,MaryPalund
1879,LaCamara_AU
1880,NewsTweets24
1881,NearmapAU
1882,NedMacesic
1883,NedromaToday
1884,News31858558
1885,NewsJunkie888
1886,NewsOfCanberra
1887,NewsOfSydney
1888,NewsTodayW
1889,Newschomper
1890,NatashaLaudonMa
1891,NewshubNZ
1892,NicholasAssef
1893,NikiRossi7
1894,Ninecomau
1895,NoiseNetAU
1896,Noticiero78
1897,Nova100News
1898,Nova919News
1899,Naterizk
1900,Naritas
1901,NthParraRAG
1902,NEWZFOX
1903,MumsStop
1904,Music20Plus
1905,MyFreedomNews
1906,MyNetLike
1907,MyNetLikeNews
1908,MyNewsNet
1909,MySurryHills
1910,NEWSProperty
1911,NGAA_AU
1912,NadifaSetiadian
1913,NLawGlobal
1914,NOSONinc
1915,NSWConSupPage
1916,NXTNEWS1
1917,NZStuff
1918,NZStuffTravel
1919,N_H_Australia
1920,Nachrichten14
1921,Nova969News
1922,NwsAggregator
1923,MrDJones
1924,Pereiraosv
1925,ParkingAus
1926,Parramatta_News
1927,PaulAndrews2043
1928,PaulHeck
1929,Paul_Brown1
1930,Pele_Naani
1931,PenrithAus
1932,PenrithPress
1933,PereraSrinath
1934,PadillaCV
1935,PerthWAustralia
1936,PeterChittenden
1937,PeterFosterALP
1938,PeterOwenADI
1939,PeterTRoberts
1940,zzmattt
1941,zyiteblog
1942,zisadimemyxa
1943,Pallibcon
1944,PacPartnersDC
1945,ODS_Directory
1946,Ophiolatrist
1947,OMGTheMess
1948,OMarian
1949,OdysseyMG
1950,Official_RAWSA
1951,OliviaM06962616
1952,OneDollarHostUS
1953,OneNewsPage_UK
1954,OnlineUKNews
1955,OurMobOnCountry
1956,PSirdesai
1957,OzMLBplayers
1958,Oz_Ez_Group
1959,OzzyCobber
1960,PATA_HQ
1961,PK_SimpsonAU
1962,PNCAU
1963,POMCCI
1964,PRIME7SthCoast
1965,MsRonnyB
1966,MrCsandDs
1967,LaborValues
1968,MakanaAtteridge
1969,LucyCormack
1970,LucyMarks
1971,LudmilaVajenina
1972,LuiggiBerrospi
1973,LusoInvestments
1974,MMcInerney89
1975,MORRISHORTON
1976,MagicriceRice
1977,MalloryOnTravel
1978,LozVox
1979,ManaTaui
1980,MarcsTimothy
1981,MargaretLynett1
1982,Margy011
1983,MarkJamesLasVeg
1984,Mark_Oldfield
1985,MarketDigest
1986,MaroonRizk
1987,LpoolLibrary
1988,LozNich_
1989,MarvinRotrand
1990,LeighRowbottom
1991,LandrumBrown
1992,Lathamunfilter
1993,LauraHobbs9
1994,LawTweets1
1995,LawanGovernment
1996,Leep_ngo
1997,LeftyLongtitude
1998,LeggettBrendan
1999,LelinnaBlack
2000,Logpedia
2001,Leverage_Group
2002,LevonSib
2003,Link_Financial
2004,LittleLoudGuy
2005,LiveGiveLuvLife
2006,LiveNewser
2007,LiverpoolChmber
2008,LizannV
2009,Martin_E_Rubio
2010,IH8SHOKJOKS
2011,Moutou
2012,MoGoSheeks99
2013,MillennialsGrid
2014,MilnsbridgeAU
2015,Milvec22
2016,Mindy_Laube
2017,MiranHosny
2018,MishStephenson
2019,Mitch_Grima
2020,Mitch_Hell
2021,Mo_Taha1
2022,MikeCullen73
2023,Modicanews
2024,MomentsAU
2025,MonaBudd2
2026,MoneySmartTeam
2027,MoonmanMornings
2028,Mordd_IndyMedia
2029,MorlanGhor
2030,MountAnnan
2031,MikeKellyofEM
2032,MichaelOReilly_
2033,MassTransit_Net
2034,MegBonaventure
2035,MathewRickNow
2036,Mattcullen1976
2037,Matty_Supercar
2038,Maxed100
2039,MayneReport
2040,Mecone_planning
2041,MediaFlood
2042,MediaNouvelles
2043,MegTPlanner
2044,MichaelJamison
2045,MegaFunTweets
2046,MelbUrbanist
2047,MelbourneDigest
2048,Memnoch78711789
2049,Michael43933900
2050,MichaelBleby
2051,MichaelByrnes
2052,MichaelFenton71
2053,IIreckon
2054,FlightModeblog
2055,IBTmarkets
2056,BSJOZ
2057,Ausvex
2058,Ausvote
2059,Aviation_Joey
2060,B4INTravel
2061,BARTIntl
2062,BCA_careers
2063,BCIAustralia
2064,BIS_OE
2065,BRittty_
2066,BTCmitchell
2067,IBTimesUK
2068,BUDIMIR13
2069,BUSINESSricardo
2070,BadgerKings10
2071,BainDaily
2072,BalvinderRRuby
2073,Bang_Faster
2074,BankingJobsAU
2075,BarryAdlam
2076,BartlettJemima
2077,AustraliasNews
2078,Australia_newss
2079,Australia_forum
2080,AustraliaVotes
2081,AusWorkersParty
2082,AusXnNews
2083,AussieAnalyst
2084,AussieDrudgeRep
2085,AussieGossip
2086,AustAirLeague
2087,AustArchaeology
2088,AustChannel
2089,AustFinReview
2090,AustFreqFlyer
2091,AustInvestAssoc
2092,AustRail
2093,Australia24x7
2094,AustraliaAv
2095,AustraliaFlash
2096,AustraliaGreat
2097,AustraliaNewsUK
2098,AustraliaPM
2099,AustraliaVIP
2100,BartonDeakin
2101,Bas1914
2102,BasJammal
2103,BrendanWong
2104,BroomeBase
2105,BrusWilliam
2106,Bruza7
2107,BryceReadTvlMgr
2108,BtWisteria
2109,BusNSW
2110,BusTrav
2111,BusinessSpec
2112,C21Synergy
2113,C913FM
2114,CANWin_SH
2115,CANdoAustralia
2116,CCA_of_NSW
2117,CCBusinessR
2118,CILTA_AU
2119,COINS_AUS
2120,Caitlen2310
2121,CanadaBay
2122,CarPrinters
2123,BrissieLiveNews
2124,Brenda_Griffin
2125,Beduac
2126,BreakingNews_AU
2127,BeegBazza
2128,BellRingerPG
2129,BellaFlokarti
2130,BerliozMira
2131,BerniSpeak
2132,Big_Chapi
2133,Bigpetesol
2134,BillCLefty
2135,BizTravelBlogs
2136,BlacktownSun
2137,BlueMtsAus
2138,Bluemtsimag
2139,Bobbymahers
2140,BodyShopNews
2141,BoganHoliday
2142,Bondiborn
2143,Booooooooourns
2144,Boozyrouge3775
2145,BoyJupiter
2146,AusPropJournal
2147,AusPolDotCo
2148,AusNewsNetwork
2149,A1Sophia
2150,AAPET
2151,ABCnewsIntern
2152,ABKNewsOfficial
2153,ACSESEngineers
2154,AECOM
2155,AERTECsolutions
2156,ALAANZ_airlaw
2157,ANN_Queensland
2158,APixelShort
2159,ATGTravelBlogs
2160,AUS_politics_
2161,AUStockMarket
2162,AU_NW_Business
2163,AU_NW_National
2164,AU_NW_Politics
2165,AU_NewsWaver
2166,AccendioConsult
2167,AcpmSydney
2168,Actualidad39ehr
2169,AAC_Ltd_
2170,949powerfm
2171,AdelaideTalks
2172,89oEast
2173,121carhire
2174,123450sss
2175,1moreBTC
2176,1ucasriver
2177,200614EIR
2178,24365_news
2179,24_indianews
2180,2611cap
2181,2CC
2182,2glf
2183,2ser
2184,37PropertyGroup
2185,445016973
2186,4zzznews
2187,6Points_Talent
2188,757LiveAU
2189,7NewsAustralia
2190,7NewsFinance
2191,7NewsMelbourne
2192,AdabagGilli
2193,AdsXn3
2194,AusMadeThings
2195,AllanSeymour1
2196,AnGarciaCrespo
2197,AndreaOnDigital
2198,AngelaCimaglia
2199,AngelaRanke
2200,AnimalRightsJen
2201,AnimaliaShelter
2202,AnnaVidot
2203,AnotherBloody
2204,ArchInsights
2205,ArgeliaCabriale
2206,Ariel_Dianzon
2207,ArtAndCraftwork
2208,ArtOfPhotograpy
2209,AshantiNordlie
2210,AsherBlackPalm
2211,AsiaTravelKey
2212,AskrozBM
2213,AuCommander
2214,AusAirports
2215,AlthaFabrizi
2216,AlissaMThibault
2217,AdsXn4
2218,AliseSession
2219,AdsXn5
2220,AirTransportNew
2221,AirTravellerorg
2222,Airline___News
2223,Airminded
2224,AirportChatcom
2225,AirportForward
2226,AirportSM
2227,AirportWatch
2228,Airport_Mag
2229,Airport_Talent
2230,Airport_Tech
2231,Akarnious
2232,Aktienexperte
2233,Albury_News
2234,AlexDunnin
2235,AlexInAir
2236,Alexsg200
2237,AliceWDurkee
2238,Carmilla5
2239,CartwheelPrint
2240,Celebnews301
2241,FitzpatrickGrp
2242,zackster
2243,FlyOpineMonkey
2244,FofocasBiz
2245,FoodBevHRS
2246,ForceCorp
2247,ForshawFlip
2248,FranchiseAPAC
2249,FrankTrampert
2250,Freemanski74
2251,GCTVnewsSydney
2252,GCobber99
2253,GIVIT_AUS
2254,GONNCHANNELS
2255,GPSnetwork
2256,GRD247
2257,GatesDigital
2258,GavN_
2259,GavinCoote
2260,Genericliftal
2261,Flansq
2262,FirstNewsEN
2263,GeorgieG
2264,FirmanRianto
2265,EstefanaConer
2266,EstephenTony
2267,EuCobro
2268,EvaStidman
2269,EverydayHomes
2270,ExclusivelyNews
2271,ExecRoadWarrior
2272,ExpertGuideAus
2273,FOEnews
2274,FXS_Finance_EN
2275,FadAstra
2276,FaiqshaNH
2277,FairfieldCity
2278,Fairgoforsolar
2279,FamilyMindedcom
2280,FarandWidecom
2281,FayCalderone
2282,FinXL_IT
2283,Findomsbook
2284,GeoengineerOrg
2285,GerardMcLennan
2286,ErmelindaAbdi
2287,HaraibsaTravel
2288,HashtagMarxy
2289,Headlinrs
2290,HeavenlyAvatar
2291,HelenRobertson4
2292,Helensburgh2508
2293,HelpPhillyPoor
2294,HerryKewel1
2295,Heute9
2296,HikaruFreeman
2297,HillbillySkill
2298,Hire_Ability
2299,HitachiCMAU
2300,HootKerri
2301,HotNewsO_O
2302,Hotel_Reviewer
2303,Hotelincite
2304,IAmHunterLee
2305,IBT_US
2306,IBTimesAU
2307,Harcourts_NSW
2308,Hair_BeautyHRS
2309,GilesCadman
2310,HaikuNewsBot
2311,GintasReisgys
2312,GlobalConfNet
2313,GoUpBlueDomain
2314,GoogleNews38
2315,GoogleNews39
2316,GovNewsAU
2317,Graeme_Bowman
2318,GrahamTrystan
2319,GrapeBusiness
2320,GrattonWilson
2321,GreatIdeasNSW
2322,GreeGreece
2323,GreenHome2010
2324,GreenLeftOnline
2325,GreensBlacktown
2326,GregWarren_
2327,Gregory_Brine
2328,GrumpyOldGreek
2329,Gwyntaglaw
2330,EsteeMisa
2331,ErinAHWatt
2332,CheahCharles
2333,CouttsLegal
2334,Cris_Castro_C
2335,CrouseLaw
2336,CtownAdvertiser
2337,CunningQuestion
2338,CyG_AU
2339,CyG_Sydney
2340,CyG_biz
2341,CyberPrefixerAU
2342,CynthiaMay23
2343,DBradbury1021
2344,DCNiche
2345,DTNJapan
2346,D_Rose_XO
2347,D_Suder
2348,DailyMailAU
2349,DaleExecutive
2350,DanielDTurner
2351,DaveColvin
2352,DaveONewcastle
2353,Crewiser
2354,Council_News
2355,DavidStratton9
2356,Cordellinfo
2357,CheapiFlyFares
2358,ChildCareHRS
2359,ChrisTagle
2360,Chris_Pennisi
2361,Chrissaayyyyy
2362,ChristoffBotha
2363,Chutintorn_Sam
2364,CiniminedGuzman
2365,CiteGroupAus
2366,ClimateChange_e
2367,ClimateChange_p
2368,ColinJKruger
2369,Collaborate_pro
2370,ColongWild
2371,ColouredView
2372,ComedyTrendsNYC
2373,Comms_4_Climate
2374,CompareCarHire1
2375,ConXjobs
2376,DavidOldfieldAU
2377,DaytimeNews
2378,ErikNielsen2759
2379,EGTmedia
2380,EINEnvironment
2381,EINShippingNews
2382,EMS_Junkie
2383,ERICBARBOSA11
2384,ERR_Kultuur
2385,Eagleresa
2386,EarthmoverNews
2387,Eco_TourismNews
2388,Edenyna
2389,EdwardJWHunter
2390,Egy2day_
2391,ElbaMcclamroch
2392,ElectionBet
2393,ElizaJBarr
2394,ElysseMorgan
2395,EmpirePress
2396,EmpressJX
2397,EncircleRTE
2398,EngineNewscomau
2399,EINBiotech
2400,EDOLawyers
2401,DbleDissolution
2402,DunyaPatel
2403,DebLegalise
2404,DeborahClay
2405,DefenceConnect
2406,DefenceNetwork
2407,DejayToborek
2408,DesiAustralia
2409,Detracter
2410,DianaDJ7
2411,DillyAdvertiser
2412,DimitrisKnt
2413,Directional_Ins
2414,Directproperty
2415,DocTwon
2416,DomaComTweets
2417,DomoniquePeugh
2418,Dope_Oracle
2419,DrakeKangaroo
2420,Dream_Brother_
2421,Drew_1981
2422,PeterWallaceAU
2423,trishcahill
2424,yournewsO_O
2425,franklinoap
2426,Tweetermaan
2427,indianozconnect
2428,iloveplanez
2429,illawarramerc
2430,TweetingRoo
2431,Tweetworldnews
2432,iclothaviation
2433,TwoEyeHead
2434,TypewriterIntl
2435,Tzarimas
2436,iamjordanromero
2437,iam_Sudmah
2438,iTenderPtyLtd
2439,iSydneyNews
2440,huyanxing
2441,hutchies1912
2442,hummfm
2443,hughriminton
2444,UNSW
2445,hscleasby
2446,hoteltroopers
2447,hot_dipper
2448,USANewsGoogle
2449,inplacenow
2450,TweedChamber
2451,interactivegov
2452,Trends_Zone
2453,TravelVIP_US
2454,jenkspl64
2455,jenkers_en
2456,TravelWeeklyAUS
2457,jeffrey_gabriel
2458,jawbreakersnyc
2459,jasetrim
2460,Travelnws
2461,jameswilson
2462,jamesgreid
2463,jake_s_258
2464,interpropeople
2465,TridentRECap
2466,jagathbandara
2467,Trigg
2468,TripleMAdelaide
2469,jacki_johnson
2470,TroyTwright
2471,ivychee
2472,ironsider
2473,irisherself
2474,TurnLeft_2020
2475,hitinman
2476,historianCathyd
2477,USRealityCheck
2478,WNN7Com
2479,Verinchuk
2480,VeritasEver
2481,globalissuesweb
2482,VeriteGrace
2483,VivianSimonelli
2484,gima2327
2485,VocEdAustralia
2486,gfhfd111
2487,getsomenews1
2488,georgewolfgramm
2489,geoffpenrith
2490,grazzakiwi
2491,geodan45
2492,gehern70
2493,geek_au
2494,WSWFOOTBALL
2495,W_gambaWebsite
2496,WakeUp
2497,gammawash
2498,WattaneeAMM
2499,fried___tofu
2500,WeathermanABC
2501,graywave
2502,greatist
2503,hipstergeddon
2504,hardhathub
2505,USSC
2506,himderfella
2507,hijacky_
2508,UncleDingDang
2509,hemmingscake__
2510,hellocanttakeit
2511,hdL_Rail
2512,UrbanFerryist
2513,Urban_Affairs
2514,harrytbui
2515,Urbanalyst
2516,Vaidhyanathan
2517,UrbisAustralia
2518,guzenko_ala
2519,guysmith_bmg
2520,guardiannews
2521,UsmanAnwar78
2522,VASSAGroup
2523,gtoh69
2524,gths
2525,VOAIran
2526,griffithchad
2527,TravelKhan
2528,jenstar52
2529,TravelDailyNews
2530,TheAviator1992
2531,leggoet
2532,Terry_Aylett
2533,ThaiBOISydney
2534,TheABCParty
2535,ledapopacaz
2536,leaddashboards
2537,TheABVinay
2538,lauraross1
2539,laughinman1
2540,latikia
2541,TheGPTGroup
2542,leongettler
2543,larissatcn
2544,lanegymeleh
2545,TheGlobalflight
2546,TheInformer2014
2547,l5iza
2548,kthlzbrgr
2549,kt_calderwood
2550,kt56
2551,TheJournalistPo
2552,TheMessenger976
2553,lehmannatlarge
2554,TerrySerio
2555,TheMotleyFoolAu
2556,TawanaThornell
2557,manhinli
2558,makkiatotrash
2559,main_man
2560,mahirdesain
2561,TamworthAviatio
2562,macsween_prue
2563,m_matino2
2564,TandMProdCo
2565,lvitorovich
2566,lupefemujyt
2567,lukehgomes
2568,lifeajoke
2569,lucaDiGiorgio9
2570,TaxNerdOz
2571,TecsideRecruit
2572,Tedddybear51
2573,TelefonniBudka
2574,lojapang
2575,logisticsnews
2576,lizlinkedin
2577,TerraLuckman
2578,liverpoollabor
2579,klover_randy
2580,TheNOWTeam
2581,Transportationy
2582,joelgibson
2583,TonyTannousTRBA
2584,Toongabbie_RE
2585,TopBrisbaneNow
2586,TourandTravelWr
2587,johnnliu
2588,johnmenadue
2589,johndpreece
2590,johnbrogan
2591,TourismAccom
2592,TousLOuverture
2593,joe_sydney
2594,jonathansoon66
2595,joco1498
2596,TownHallSocial
2597,jletti
2598,jjlarkin
2599,TownPlanner_Syd
2600,jimmynuts80
2601,jewelsbaby10
2602,TraceyLeeAU
2603,jessie_davies
2604,Transport_Tech
2605,Timmojames
2606,jotityzytuny
2607,kitching_rachel
2608,TheRoyalEvent
2609,TheNakedFarmers
2610,kindelov
2611,TheNewDailyAu
2612,kevin__cheng
2613,kenny_vees
2614,kennethandmary
2615,ThePeakOilPoet
2616,TheRAP1966
2617,kddouglas
2618,TheRealKerryG
2619,katidownunder
2620,jpavlovic801
2621,karryontravel
2622,The_Kritic
2623,karagiannis_c
2624,kaaatlyn
2625,Theireneross
2626,TheraBees
2627,judybren
2628,TimHarcourt
2629,juaremi
2630,jplonie
2631,Wednesday__Legs
2632,fr8exchangeit
2633,TamilNaduTrsm
2634,fplusmanagement
2635,carolraft
2636,carolinelec
2637,carolinebannon2
2638,carole12
2639,careerjett
2640,amanda_gome
2641,capitalmonitor
2642,canberrajournal
2643,canberraAUnews
2644,andrewcoward
2645,caiaphas
2646,andrewgriffits
2647,caaamz3
2648,byerussell
2649,bwalen
2650,buzzinnewcastle
2651,buycoffe
2652,businessnews302
2653,andrewlatimer14
2654,bushboywhotweet
2655,andrewnell
2656,buildersbham
2657,buckmag
2658,am24199
2659,allnews24
2660,alliecoyne
2661,cirium
2662,comrie_b
2663,airlinegossip
2664,colleenmenzies
2665,aizeecom
2666,ajplumley
2667,alampii
2668,cmielecproducts
2669,clickonSydney
2670,cletiscarr
2671,clareemasters
2672,alconleighs
2673,alisajanetaylor
2674,christi9000
2675,alexielsi
2676,chrisjackis
2677,chrisiacovides
2678,chloehart2
2679,childishxbreezy
2680,chieftech
2681,cherylmaurice3
2682,cheonsya
2683,charifkazal
2684,andy_park
2685,brucerossbrc
2686,andyhardy
2687,aussiecoley
2688,bigcityinformer
2689,besttriptimes
2690,audiodirector
2691,aus_mortgage
2692,bernidymet
2693,bernardfehon
2694,aus_politics
2695,auspol_aus
2696,benji_driver
2697,beneltham
2698,aussiedaily
2699,billballentine
2700,australia_agent
2701,australia_tips
2702,beautyisflirty
2703,australiaanglr
2704,be_yank_ah
2705,bconnellan
2706,bc_dubs
2707,australian_news
2708,australnews140
2709,aviationmag
2710,aubis_info
2711,billkinn
2712,angelorisso92
2713,arkay62
2714,brisbanejournal
2715,brisbanebnews
2716,brianmcmanusre1
2717,breakingavnews
2718,braskic
2719,brandonthornley
2720,anthmackey
2721,boyfmoz
2722,archcontext
2723,bnememories
2724,artphotoblog
2725,biteszHQNews
2726,blurboi
2727,bluemtnsrecord
2728,blessyouharry
2729,asapwaley
2730,bladeslapper
2731,blacklexie
2732,bk_ems
2733,bjjmarshall
2734,bizlunchbox
2735,bizfeednews
2736,conpaper
2737,consult_anz
2738,coops2206
2739,eliqyfil
2740,ernestc
2741,WomensAgenda
2742,enterprisedaily
2743,engineeringcpd
2744,WorldMediaAus
2745,emmafparkes
2746,emlcam4
2747,WynRichards
2748,YBartolovic
2749,eljmkt_daily
2750,ejohnno
2751,Wombat389
2752,ejn_greencareer
2753,YossaGiggis
2754,edwardp123
2755,YourSydneyHome
2756,ZoriahBaker
2757,_ANDRADEJUNIOR_
2758,eTurboNews
2759,dylabolical
2760,duncanrss
2761,duncanriley
2762,esdnews
2763,etbtravelnews
2764,dudelatitude
2765,Westsydjobs
2766,foxyadcom
2767,fox66
2768,fotorich
2769,foreshopnet
2770,flightorg
2771,Western_Sydney
2772,firewiredigital
2773,financializer
2774,Westpac
2775,fi_simmons
2776,felix_software
2777,evagerencer
2778,feedNL
2779,fawyhulemece
2780,WhosFibbing
2781,farhyld42
2782,fakekkeneally
2783,faithfulnews
2784,WinstonTheHRGuy
2785,fairfieldadvanc
2786,ezy_news
2787,Wollongong_City
2788,dufussy
2789,dublisuzi
2790,coreycresswell
2791,da_jamieson
2792,abkuijer
2793,darenothope
2794,aclennell
2795,actuamericaif
2796,danielbowen
2797,dan_carr_now
2798,adabagcompany
2799,dalajini
2800,dailymail_24
2801,dailyliberal
2802,d_notices
2803,aaron_socialm
2804,cytotodulupa
2805,cyntod
2806,customadditions
2807,curiousbuyer
2808,cryptosumo
2809,adamlmorton
2810,adun50
2811,crazyrichjason
2812,ahhongah
2813,cprimebandsaust
2814,davemeddows
2815,daviessjb
2816,dshibi
2817,_airportservice
2818,_KatelynMaree
2819,dragonaunty7
2820,_RNFC_
2821,doqerocecaz
2822,donattroppo
2823,don676king
2824,dominiquefarago
2825,dominikvukovic
2826,__Cassandra___
2827,dlnynews
2828,_sara_jade_
2829,aap_photos
2830,distinctblue60
2831,dianadinh272
2832,diamond_g33zer
2833,dendog43
2834,den2114
2835,deltaheim
2836,deeman_77
2837,deborah_rice
2838,aalp4920_USyd
2839,dbvalentine
2840,manmonthly
2841,marcooda
2842,Peterfizz
2843,realtimesydney
2844,ssflipboard
2845,RichoMedia
2846,soqecupizaw
2847,snapsydney
2848,snapharmony
2849,RikyZulA
2850,smhonline
2851,smhnews
2852,sleonardOAG_FV
2853,RockCheetah
2854,skytodaydotcom
2855,RodS108443078
2856,RonnieSSiphika
2857,sirgraffitti
2858,RootyHillALP
2859,simpledog
2860,simongascoigne
2861,simon_efron
2862,sherlockgnomes9
2863,Ros_Page
2864,RoscoeRyan
2865,shearn4
2866,sharkiemick
2867,RichardYabsley
2868,sszinglehead
2869,stacyjournalist
2870,RealEstateCast
2871,RSullivan_
2872,RaceCar876
2873,sweetpufflover
2874,RahillAlison
2875,svagobiz
2876,RailExpressNews
2877,Railroadsupdate
2878,RainerPerlitz
2879,Rashidajourno
2880,superxjobsite
2881,sujumasaki
2882,startupzinfo
2883,RealEstateHRS
2884,RedditAus
2885,RedpathPartners
2886,RefundFlight
2887,stormspottersau
2888,Reinayg721
2889,stjohnnsw
2890,Retuiteador5
2891,RichForrest2
2892,steve_oh_67
2893,sharevalue
2894,RusTourismNews
2895,sfoinaustralia
2896,ronaldmastho
2897,rustedon1962
2898,russellmahoney
2899,rssphp
2900,rrobbymiller
2901,rotadetixog
2902,SalPiracha
2903,rossf500
2904,roso1954
2905,SaraIsSkyBlue
2906,roneo
2907,SaraJarlous
2908,s2softpronews
2909,SarfarazID
2910,rogermthomas10
2911,Savitha91
2912,rnurdiansah1
2913,rmengua
2914,rickeyre
2915,richotheman
2916,Scumezza
2917,resourcefultype
2918,redditau
2919,SYDGProperties
2920,s_mackennewtown
2921,sellitswapitbu1
2922,santomarky
2923,seanmaynard
2924,scott_thewspot
2925,RussellParisi1
2926,RyanLisson
2927,S4news_com
2928,sbbcnewsantonis
2929,SColbertAu
2930,sari_gusna
2931,SDSengineering
2932,SIUMovie
2933,SMLNewsPacific
2934,s_sharples
2935,SSAPChat
2936,SSARecruitAus
2937,samhoklee
2938,samcrawfordarch
2939,sam_kokach
2940,STVYouTube
2941,SUrbanist
2942,SWAUTOGRAPH
2943,saidosereno
2944,safimichael
2945,sydney_ev
2946,RPG_1
2947,sydneyaustral_a
2948,tyyguana
2949,PoliticsInsight
2950,vegieoil
2951,value_investing
2952,usumtwit
2953,urbancomau
2954,PoliticsinAust
2955,unohomeloans
2956,Polletix
2957,uncle_kayy
2958,ucbnews
2959,tynewulidyfo
2960,vishalvishu88
2961,ty_buchanan
2962,twosheeep1
2963,twitabout
2964,Posteas
2965,tuitAustralia
2966,trnsprtst
2967,badillaonline
2968,trentlidstone
2969,trazijob
2970,travelweekly
2971,viridianaazul
2972,vjmahon
2973,trashyhonky
2974,PhillipChadwick
2975,xukolaxekuza
2976,wzvdb
2977,wraypaul
2978,worldnews134
2979,wiselinkcorp
2980,wiredjournal
2981,PetsW33
2982,winglets747
2983,willvill
2984,willgmiles
2985,whiteley_simon
2986,vrai777
2987,whispercatcher
2988,PhillipONeill
2989,PickPosts
2990,warwickpauld
2991,walterkaminski
2992,PlanAssist
2993,waggacrow
2994,wWnewsWw
2995,vung_tau
2996,vubobuxofage
2997,traveltronic
2998,traphousePR
2999,sydneybnews
3000,terralinksgroup
3001,theforrests
3002,theburgerman
3003,Pullenvalebirds
3004,thebennettorg
3005,theagebreaking
3006,the_wofa
3007,PussycDollsWMC
3008,PvB4newables
3009,QldProgressive
3010,thatjohn
3011,Qlder
3012,themarketspost
3013,RAIDMoorebank
3014,telehealthdocau
3015,teffraff
3016,tealfooty
3017,taylanicholls
3018,tan17bru
3019,RKMachinery
3020,sydneynewsnow
3021,sydneynewsnet
3022,sydneycitypress
3023,theleadernews
3024,Psycho_Chook
3025,PotentiaCapital
3026,tnt_steve
3027,PrincessAwardsX
3028,townsvillebuzz
3029,torbesh_com
3030,tonysu_
3031,Prof_SMartin
3032,ton_oosterwijk
3033,tobycr
3034,tobestaylor
3035,toastman51
3036,ProjectoryNews
3037,PromiseLocker
3038,thesydneysun
3039,timtompson
3040,timthewacker
3041,timosimo7
3042,PropertyOwlNest
3043,timeoutpk
3044,timdenney
3045,tictochome
3046,thus_spake
3047,thomasmosca_
3048,thewollemipine
3049,recoxewavec
3050,realestate_mate
3051,mariadebnikov
3052,realestate_au
3053,natalieben
3054,SydneyAffairs
3055,n_pradhananga
3056,myvanefycala
3057,SydneyBrk
3058,SydneyCampaigns
3059,SydneyConnectme
3060,musicairport
3061,murdochsj
3062,mulgar
3063,muksibadal
3064,mugkip
3065,mucivyraqeke
3066,SydneyKolbe
3067,SydneyLinked
3068,SydneyLiveNews
3069,SydneyReddit
3070,movetosydney
3071,SydneyStandard
3072,SydneyTraveli
3073,morehousegroup
3074,SydneyUpdate1
3075,SydneyWorks
3076,ncasmirri
3077,ndpjai
3078,neerav
3079,newzaustralia
3080,Studio10au
3081,StuntmanRon
3082,nitawilson70
3083,ninalilly2
3084,SunwaysBTM
3085,nigerian_herald
3086,nigelparsons85
3087,nicolechettle
3088,SunwaysTravel
3089,SuperNoder
3090,newswatchoz
3091,neggleston
3092,newsonaust
3093,newsheadlines7
3094,SupplyAdvantage
3095,news_left
3096,news_in_summary
3097,newcastleboyy
3098,neplands
3099,nellyselly
3100,neilpom9
3101,neilfindlay
3102,mmmSunraysia
3103,mjfogarty
3104,mj_lynch
3105,mat_dunckley
3106,medianettweets
3107,TTWAmerica
3108,mazlangford
3109,TTWEurope
3110,TTW_ezine
3111,matthewweed2016
3112,TTWasia
3113,mattdasilva
3114,TVNewslines
3115,matetudomahe
3116,mastersempire8
3117,TRLalotoa
3118,marvellous997
3119,martiontwit
3120,marqoftheshire
3121,markusstanger
3122,markagilham
3123,TagoFabic
3124,mariusbenson
3125,Talk2SamWest
3126,mariasofi
3127,mariaeke
3128,melbournebnews
3129,TPSAustAsia
3130,mistrdbk
3131,mickeyb
3132,Sydney_Now
3133,Sydneylocal
3134,Sydneyremoval1
3135,Sydneyshare
3136,minke555
3137,minheelee81
3138,Sye_han
3139,mikejanda
3140,midii
3141,SylvainGrigsby
3142,michellebowd1
3143,TIndustry_agent
3144,Sylvester_0
3145,michaelkoziol
3146,michaelalbford
3147,michael99J
3148,T20lab
3149,mgrcentral
3150,TCF_HRServices
3151,TEENtrepreneurs
3152,mezzha
3153,mezomefans
3154,noc02taxwebsite
3155,nodmas3
3156,noisywoman
3157,Slugasi
3158,pstawski
3159,Simo11275
3160,prpnews
3161,prosterry
3162,prosstuart
3163,prosfairfield
3164,profsarahj
3165,SimonThomsen
3166,primroseriordan
3167,SkyWeatherAUS
3168,Sman1slahung
3169,pullmanwilliams
3170,pr14vn
3171,potrzebieggm
3172,portlysmum
3173,SmartlineBroker
3174,ponding001
3175,pomatostomus91
3176,polwatcha
3177,pmens72
3178,plustravelgroup
3179,planesupport
3180,publicoffice
3181,pulpmarkets
3182,Sochi_2014_News
3183,rahivamucucu
3184,rbbayliss
3185,Shakeel_A
3186,raywhiteGV
3187,raybamgbala
3188,ShayneMallard
3189,raptisj68
3190,rajputcoool
3191,ShortInterlude2
3192,railmaps
3193,railbotforum
3194,radioaustralia
3195,pwlister
3196,radio2st
3197,r31_skyline
3198,qydorebyrodu
3199,queenmcmeade
3200,queen_safari
3201,qqqqqq1213
3202,SigneWesterberg
3203,qatarflights
3204,pyrmontvillage
3205,Silverhall_AU
3206,Smrt_News_AU
3207,pinkalchemy
3208,nomadicnotes
3209,official_lesdog
3210,Steve_Lockstep
3211,ozenconsultant
3212,ozbushtel
3213,Stivette
3214,otiose94
3215,osbornep
3216,optimismnow1
3217,openforum_au
3218,opal92336
3219,onlineiggy
3220,o0dIpw
3221,SteveMcClure_
3222,StopSSA
3223,nswrailnews
3224,nsnbc
3225,nsjpas1
3226,nrtourism
3227,StuartPWard
3228,notiziedomani
3229,northern_sand
3230,noreasonspec
3231,nonstoptom
3232,SteveWiggins5
3233,pacrepublic
3234,SomersetBean
3235,peopleconpro
3236,Sourceable_
3237,phildampier
3238,Sovual
3239,SpaceKidette
3240,SpatialMedia3D
3241,peterjameswills
3242,peterinvesto
3243,peterh_oz
3244,peterfra
3245,Spiralsleepers
3246,SrissanInv
3247,paintsandsings
3248,pbellsydney
3249,paulwong123
3250,StanleyAlejoa
3251,StatCalum4893
3252,StateCustodians
3253,StephenEamonn
3254,patrickdurkin
3255,StephenT_Sydney
3256,parakev
3257,paisleymaggot
3258,101_Newstweet
